Available_PMEM(MB),Throughput(kops/s),Normalized_throughput,Normalized_overhead
51200,3200.33000,1.00000,0.00000
49152,3163.68000,0.98854,0.01146
46080,3179.52000,0.99349,0.00651
30720,3168.10000,0.98992,0.01008
25600,3191.07000,0.99710,0.00290
20480,3171.93000,0.99112,0.00888
15360,3170.26000,0.99060,0.00940
10240,3112.32000,0.97249,0.02751
5120,597.10700,0.18657,0.81343
