Available_PMEM(MB),Throughput(kops/s),Normalized_throughput,Normalized_overhead
performance.pdf,0.00000,0.00000,0.00000
51200,3247.67000,0.00000,0.00000
49152,3497.89000,0.00000,0.00000
46080,3385.28000,0.00000,0.00000
30720,3507.39000,0.00000,0.00000
25600,3339.68000,0.00000,0.00000
20480,3376.44000,0.00000,0.00000
15360,3343.69000,0.00000,0.00000
10240,3299.05000,0.00000,0.00000
5120,85.37370,0.00000,0.00000
