Available_PMEM(MB),Throughput(kops/s),Normalized_throughput,Normalized_overhead
51200,3865.56000,1.00000,0.00000
49152,3757.19000,0.97196,0.02804
46080,3728.27000,0.96448,0.03552
30720,3640.56000,0.94179,0.05821
25600,3709.62000,0.95965,0.04035
20480,3771.81000,0.97574,0.02426
15360,3573.94000,0.92455,0.07545
10240,3485.36000,0.90164,0.09836
5120,47.14020,0.01219,0.98781
