Available_PMEM(MB),Throughput(kops/s),Normalized_throughput,Normalized_overhead
51200,2498.28000,1.00000,0.00000
49152,2658.08000,1.06396,-0.06396
46080,2594.20000,1.03839,-0.03839
30720,2693.63000,1.07819,-0.07819
25600,2459.25000,0.98437,0.01563
20480,2484.17000,0.99435,0.00565
15360,2404.40000,0.96242,0.03758
10240,2411.89000,0.96542,0.03458
5120,262.83400,0.10520,0.89480
