Available_PMEM(MB),Throughput(kops/s),Normalized_throughput,Normalized_overhead
51200,2593.96000,1.00000,0.00000
49152,2490.23000,0.96001,0.03999
46080,2443.03000,0.94181,0.05819
30720,2375.42000,0.91575,0.08425
25600,2329.77000,0.89815,0.10185
20480,2435.87000,0.93905,0.06095
15360,2346.97000,0.90478,0.09522
10240,2394.92000,0.92326,0.07674
5120,127.34200,0.04909,0.95091
