Available_PMEM(MB),Throughput(kops/s),Normalized_throughput,Normalized_overhead
51200,415.40600,1.00000,0.00000
49152,413.90200,0.99637,0.00363
46080,419.15500,1.00902,-0.00902
30720,413.76800,0.99605,0.00395
25600,420.47100,1.01219,-0.01219
20480,410.99500,0.98938,0.01062
15360,423.97500,1.02062,-0.02062
10240,424.91100,1.02288,-0.02288
5120,316.96000,0.76301,0.23699
